{
  "USFL0002": {
    "address": "5550 NW 40th St",
    "city": "Coconut Creek",
    "state": "Florida",
    "zip_code": 33073,
    "latitude": 26.278015,
    "longitude": -80.198955,
    "time_zone": "eastern daylight time"
  },
  "USFL0006": {
    "address": "355 E Palm Dr",
    "city": "Florida City",
    "state": "Florida",
    "zip_code": 33034,
    "latitude": 25.447358,
    "longitude": -80.470115,
    "time_zone": "eastern daylight time"
  },
  "USFL0012": {
    "address": "1 Seminole Way",
    "city": "Fort Lauderdale",
    "state": "Florida",
    "zip_code": 33314,
    "latitude": 26.051686,
    "longitude": -80.212089,
    "time_zone": "eastern daylight time"
  },
  "USFL0010": {
    "address": "831 N Federal Hwy",
    "city": "Hallandale Beach",
    "state": "Florida",
    "zip_code": 33009,
    "latitude": 25.994838,
    "longitude": -80.146299,
    "time_zone": "eastern daylight time"
  },
  "USFL0009": {
    "address": "901 Federal Hwy",
    "city": "Hallandale Beach",
    "state": "Florida",
    "zip_code": 33009,
    "latitude": 25.979164,
    "longitude": -80.1368,
    "time_zone": "eastern daylight time"
  },
  "USFL0011": {
    "address": "2200 E 4th Ave, Hialeah",
    "city": "Hialeah",
    "state": "Florida",
    "zip_code": "33013",
    "latitude": 25.845521,
    "longitude": -80.278832,
    "time_zone": "eastern daylight time"
  },
  "USFL0020": {
    "address": "777 Isle of Capri Circle",
    "city": "Pompano Beach",
    "state": "Florida",
    "zip_code": 33069,
    "latitude": 26.223083,
    "longitude": -80.151761,
    "time_zone": "eastern daylight time"
  },
  "USFL0027": {
    "address": "1111 N Congress Ave",
    "city": "West Palm Beach",
    "state": "Florida",
    "zip_code": 33409,
    "latitude": 26.692286,
    "longitude": -80.088433,
    "time_zone": "eastern daylight time"
  }
}